"","Month","Day","Low","High","NormalLow","NormalHigh","RecordLow","LowYr","RecordHigh","HiYear","Precip","RecordPrecip","PrecipYr","date","Record","RecordText","RecordP","CulmPrec","dateInYear","month_name"
"1",1,1,47,52,44,56,31,1965,68,1996,0.09,2.16,2004,"1/1/11",FALSE,NA,FALSE,0.09,1,"Jan"
"2",1,2,48,51,44,56,29,1960,69,1996,0.35,1.67,1977,"1/2/11",FALSE,NA,FALSE,0.44,2,"Jan"
"3",1,3,45,53,44,56,31,1950,69,2000,0,1.33,1974,"1/3/11",FALSE,NA,FALSE,0.44,3,"Jan"
"4",1,4,39,53,44,56,29,1949,62,2006,0,5.59,1982,"1/4/11",FALSE,NA,FALSE,0.44,4,"Jan"
"5",1,5,38,55,44,56,26,1949,65,1986,0,1.98,1959,"1/5/11",FALSE,NA,FALSE,0.44,5,"Jan"
"6",1,6,37,52,44,56,29,1950,66,2003,0,2.34,1993,"1/6/11",FALSE,NA,FALSE,0.44,6,"Jan"
"7",1,7,39,47,44,56,31,1973,65,2003,0,0.87,1956,"1/7/11",FALSE,NA,FALSE,0.44,7,"Jan"
"8",1,8,43,49,44,56,30,1955,70,1962,0,1.33,1979,"1/8/11",FALSE,NA,FALSE,0.44,8,"Jan"
"9",1,9,39,48,44,56,33,1957,71,1962,0,1.31,1995,"1/9/11",FALSE,NA,FALSE,0.44,9,"Jan"
"10",1,10,36,49,44,56,29,1949,68,1953,0,1.23,1950,"1/10/11",FALSE,NA,FALSE,0.44,10,"Jan"
"11",1,11,43,49,44,56,30,1949,69,1959,0.04,1.3,1980,"1/11/11",FALSE,NA,FALSE,0.48,11,"Jan"
"12",1,12,48,55,44,56,32,1963,70,2009,0,1.56,1993,"1/12/11",FALSE,NA,FALSE,0.48,12,"Jan"
"13",1,13,45,56,44,56,29,1963,72,2009,0.15,1.97,1993,"1/13/11",FALSE,NA,FALSE,0.63,13,"Jan"
"14",1,14,50,60,44,56,31,1963,67,1948,0,2.21,1979,"1/14/11",FALSE,NA,FALSE,0.63,14,"Jan"
"15",1,15,47,63,44,56,31,1963,69,1974,0,1.03,1956,"1/15/11",FALSE,NA,FALSE,0.63,15,"Jan"
"16",1,16,47,57,44,56,31,1962,69,1991,0,1.84,1973,"1/16/11",FALSE,NA,FALSE,0.63,16,"Jan"
"17",1,17,48,57,44,56,32,1947,70,1991,0,1.06,1973,"1/17/11",FALSE,NA,FALSE,0.63,17,"Jan"
"18",1,18,46,59,44,56,30,1947,68,1948,0,1.82,1969,"1/18/11",FALSE,NA,FALSE,0.63,18,"Jan"
"19",1,19,48,61,44,56,35,1980,68,1976,0,1.52,2010,"1/19/11",FALSE,NA,FALSE,0.63,19,"Jan"
"20",1,20,45,63,44,57,30,1963,67,1976,0,2.49,1964,"1/20/11",FALSE,NA,FALSE,0.63,20,"Jan"
"21",1,21,43,60,44,57,30,1962,67,1976,0,4.07,1967,"1/21/11",FALSE,NA,FALSE,0.63,21,"Jan"
"22",1,22,44,67,45,57,32,1962,71,1968,0,1.55,1983,"1/22/11",FALSE,NA,FALSE,0.63,22,"Jan"
"23",1,23,47,63,45,57,31,1949,71,1948,0,1.3,2000,"1/23/11",FALSE,NA,FALSE,0.63,23,"Jan"
"24",1,24,43,63,45,57,31,1962,72,1948,0,1.72,2000,"1/24/11",FALSE,NA,FALSE,0.63,24,"Jan"
"25",1,25,44,68,45,57,31,1954,68,2011,0,2.54,2008,"1/25/11",TRUE,"Record
 High: 68",FALSE,0.63,25,"Jan"
"26",1,26,46,65,45,57,30,1949,66,1984,0,1.52,1983,"1/26/11",FALSE,NA,FALSE,0.63,26,"Jan"
"27",1,27,44,62,45,57,31,1949,68,1984,0,1.65,1981,"1/27/11",FALSE,NA,FALSE,0.63,27,"Jan"
"28",1,28,46,53,45,57,33,1975,69,1984,0,1.04,1981,"1/28/11",FALSE,NA,FALSE,0.63,28,"Jan"
"29",1,29,50,56,45,58,31,1979,66,2009,0.06,1.57,1968,"1/29/11",FALSE,NA,FALSE,0.69,29,"Jan"
"30",1,30,46,57,45,58,30,1975,71,1976,0.25,1.91,1963,"1/30/11",FALSE,NA,FALSE,0.94,30,"Jan"
"31",1,31,41,56,45,58,32,1951,69,1976,0,1.99,1963,"1/31/11",FALSE,NA,FALSE,0.94,31,"Jan"
"32",2,1,45,63,44,58,30,1950,70,1976,0,1.06,1960,"2/1/11",FALSE,NA,FALSE,0,32,"Feb"
"33",2,2,48,62,44,58,32,1950,69,1995,0,2.92,1998,"2/2/11",FALSE,NA,FALSE,0,33,"Feb"
"34",2,3,41,60,45,58,32,1979,70,1984,0,1.02,1998,"2/3/11",FALSE,NA,FALSE,0,34,"Feb"
"35",2,4,42,65,45,58,32,1955,71,2001,0,1.3,1991,"2/4/11",FALSE,NA,FALSE,0,35,"Feb"
"36",2,5,46,73,45,58,31,1989,73,2011,0,1.26,1969,"2/5/11",TRUE,"Record
 High: 73",FALSE,0,36,"Feb"
"37",2,6,55,72,45,58,31,1989,72,2011,0,1.66,1998,"2/6/11",TRUE,"Record
 High: 72",FALSE,0,37,"Feb"
"38",2,7,48,66,45,59,32,1989,73,1987,0,1.24,1978,"2/7/11",FALSE,NA,FALSE,0,38,"Feb"
"39",2,8,50,60,45,59,33,1948,73,2006,0,1.52,1985,"2/8/11",FALSE,NA,FALSE,0,39,"Feb"
"40",2,9,42,60,45,59,36,1956,71,2006,0,2.03,1962,"2/9/11",FALSE,NA,FALSE,0,40,"Feb"
"41",2,10,40,64,45,59,35,1985,71,1988,0,1.47,1959,"2/10/11",FALSE,NA,FALSE,0,41,"Feb"
"42",2,11,42,64,45,59,32,1946,74,1996,0,1.61,2000,"2/11/11",FALSE,NA,FALSE,0,42,"Feb"
"43",2,12,43,67,45,59,32,1949,76,1996,0,1.65,1987,"2/12/11",FALSE,NA,FALSE,0,43,"Feb"
"44",2,13,43,57,46,59,32,1946,70,1996,0,2.21,1979,"2/13/11",FALSE,NA,FALSE,0,44,"Feb"
"45",2,14,50,58,46,59,30,1949,74,1977,0.12,1.48,1986,"2/14/11",FALSE,NA,FALSE,0.12,45,"Feb"
"46",2,15,52,61,46,60,33,1953,72,1977,0.43,2.42,2009,"2/15/11",FALSE,NA,FALSE,0.55,46,"Feb"
"47",2,16,43,54,46,60,35,1966,69,2007,0.76,1.33,1990,"2/16/11",FALSE,NA,FALSE,1.31,47,"Feb"
"48",2,17,44,51,46,60,35,1956,73,2007,0.8,1.83,1986,"2/17/11",FALSE,NA,FALSE,2.11,48,"Feb"
"49",2,18,39,47,46,60,33,1956,71,1977,0.89,1.75,1958,"2/18/11",FALSE,NA,FALSE,3,49,"Feb"
"50",2,19,40,45,46,60,36,1990,72,1964,0.83,1.36,1980,"2/19/11",FALSE,NA,FALSE,3.83,50,"Feb"
"51",2,20,37,53,46,60,37,2011,71,1991,0,1.06,1980,"2/20/11",FALSE,NA,FALSE,3.83,51,"Feb"
"52",2,21,39,52,46,60,34,1955,72,1995,0,1.49,1998,"2/21/11",FALSE,NA,FALSE,3.83,52,"Feb"
"53",2,22,39,56,46,60,34,1951,73,2002,0,1.27,2000,"2/22/11",FALSE,NA,FALSE,3.83,53,"Feb"
"54",2,23,41,53,46,60,35,1955,73,1985,0,0.77,1969,"2/23/11",FALSE,NA,FALSE,3.83,54,"Feb"
"55",2,24,45,52,46,60,35,1955,74,1991,0.31,1.51,1958,"2/24/11",FALSE,NA,FALSE,4.14,55,"Feb"
"56",2,25,39,53,46,60,35,1953,74,1992,0.65,1.46,2004,"2/25/11",FALSE,NA,FALSE,4.79,56,"Feb"
"57",2,26,35,49,46,60,35,2011,77,1986,0,1.06,1955,"2/26/11",FALSE,NA,FALSE,4.79,57,"Feb"
"58",2,27,36,55,46,60,32,1951,75,1992,0,1.17,2006,"2/27/11",FALSE,NA,FALSE,4.79,58,"Feb"
"59",2,28,40,57,46,60,33,1955,73,1959,0,0.66,1981,"2/28/11",FALSE,NA,FALSE,4.79,59,"Feb"
"60",3,1,40,59,46,60,35,1955,74,1959,0.02,1.06,1974,"3/1/11",FALSE,NA,FALSE,0.02,60,"Mar"
"61",3,2,49,58,46,60,34,1953,71,1994,0.11,1.26,1995,"3/2/11",FALSE,NA,FALSE,0.13,61,"Mar"
"62",3,3,50,61,46,60,31,1966,80,1959,0,0.89,2010,"3/3/11",FALSE,NA,FALSE,0.13,62,"Mar"
"63",3,4,44,61,46,60,35,1966,77,1959,0,1.36,1996,"3/4/11",FALSE,NA,FALSE,0.13,63,"Mar"
"64",3,5,46,64,46,60,35,1955,76,1959,0.04,0.99,1962,"3/5/11",FALSE,NA,FALSE,0.17,64,"Mar"
"65",3,6,51,59,46,60,35,1971,74,1993,0.48,1.13,1992,"3/6/11",FALSE,NA,FALSE,0.65,65,"Mar"
"66",3,7,49,56,47,61,35,1956,77,1953,0,0.63,1968,"3/7/11",FALSE,NA,FALSE,0.65,66,"Mar"
"67",3,8,50,59,47,61,37,1985,79,2004,0,1.99,1978,"3/8/11",FALSE,NA,FALSE,0.65,67,"Mar"
"68",3,9,47,61,47,61,37,1974,75,2004,0,0.91,1995,"3/9/11",FALSE,NA,FALSE,0.65,68,"Mar"
"69",3,10,46,60,47,61,33,1951,78,2004,0.01,1.8,1986,"3/10/11",FALSE,NA,FALSE,0.66,69,"Mar"
"70",3,11,45,57,47,61,35,1951,83,2005,0,0.7,1949,"3/11/11",FALSE,NA,FALSE,0.66,70,"Mar"
"71",3,12,45,61,47,61,35,1954,77,2007,0,1.46,1971,"3/12/11",FALSE,NA,FALSE,0.66,71,"Mar"
"72",3,13,51,64,47,61,33,1954,76,1994,0.19,0.92,1983,"3/13/11",FALSE,NA,FALSE,0.85,72,"Mar"
"73",3,14,54,60,47,61,36,1954,79,1947,0.13,1.52,1952,"3/14/11",FALSE,NA,FALSE,0.98,73,"Mar"
"74",3,15,54,61,47,61,39,1969,81,2004,0.22,1.2,1977,"3/15/11",FALSE,NA,FALSE,1.2,74,"Mar"
"75",3,16,48,58,47,61,36,1950,82,2004,0.01,1.22,1954,"3/16/11",FALSE,NA,FALSE,1.21,75,"Mar"
"76",3,17,42,59,47,61,36,1966,82,2004,0.02,0.68,1991,"3/17/11",FALSE,NA,FALSE,1.23,76,"Mar"
"77",3,18,47,56,47,61,37,1973,77,2004,0.7,0.72,1989,"3/18/11",FALSE,NA,FALSE,1.93,77,"Mar"
"78",3,19,45,53,47,61,39,1965,78,2010,1.05,1.05,2011,"3/19/11",FALSE,NA,TRUE,2.98,78,"Mar"
"79",3,20,47,57,47,61,38,1982,78,2004,0.07,1.51,1958,"3/20/11",FALSE,NA,FALSE,3.05,79,"Mar"
"80",3,21,46,57,47,61,38,1969,74,1997,0.08,1.86,1975,"3/21/11",FALSE,NA,FALSE,3.13,80,"Mar"
"81",3,22,45,58,47,62,39,1957,73,2008,0.04,1.83,1995,"3/22/11",FALSE,NA,FALSE,3.17,81,"Mar"
"82",3,23,48,56,47,62,39,1994,73,1970,0.42,1.51,1958,"3/23/11",FALSE,NA,FALSE,3.59,82,"Mar"
"83",3,24,46,52,47,62,38,1948,78,1970,1.48,1.48,2011,"3/24/11",FALSE,NA,TRUE,5.07,83,"Mar"
"84",3,25,48,58,47,62,37,1964,85,1952,0.04,0.57,2006,"3/25/11",FALSE,NA,FALSE,5.11,84,"Mar"
"85",3,26,47,58,47,62,38,1980,79,1952,0.57,1.05,1985,"3/26/11",FALSE,NA,FALSE,5.68,85,"Mar"
"86",3,27,45,57,47,62,40,1972,77,1986,0.02,1.59,1963,"3/27/11",FALSE,NA,FALSE,5.7,86,"Mar"
"87",3,28,46,59,47,62,37,1950,76,1986,0,0.65,1946,"3/28/11",FALSE,NA,FALSE,5.7,87,"Mar"
"88",3,29,47,62,47,62,38,1975,76,1968,0,1.05,1958,"3/29/11",FALSE,NA,FALSE,5.7,88,"Mar"
"89",3,30,51,75,47,63,38,1955,78,1950,0,1.14,1967,"3/30/11",FALSE,NA,FALSE,5.7,89,"Mar"
"90",3,31,54,80,47,63,39,1971,80,2011,0,1.67,1982,"3/31/11",TRUE,"Record
 High: 80",FALSE,5.7,90,"Mar"
"91",4,1,54,78,47,63,37,1976,83,1959,0,1.22,1974,"4/1/11",FALSE,NA,FALSE,0,91,"Apr"
"92",4,2,50,62,47,63,39,1976,85,2000,0,2.3,1958,"4/2/11",FALSE,NA,FALSE,0,92,"Apr"
"93",4,3,46,63,47,63,39,1956,79,1961,0,0.76,1958,"4/3/11",FALSE,NA,FALSE,0,93,"Apr"
"94",4,4,47,74,47,63,40,1950,82,1985,0,0.81,1975,"4/4/11",FALSE,NA,FALSE,0,94,"Apr"
"95",4,5,50,61,47,63,39,1975,84,1989,0,0.74,1969,"4/5/11",FALSE,NA,FALSE,0,95,"Apr"
"96",4,6,47,59,48,63,38,1975,89,1989,0,1.46,1967,"4/6/11",FALSE,NA,FALSE,0,96,"Apr"
"97",4,7,45,53,48,64,39,1965,89,1989,0.04,0.58,1950,"4/7/11",FALSE,NA,FALSE,0.04,97,"Apr"
"98",4,8,41,58,48,64,41,2011,92,1989,0,0.58,1965,"4/8/11",FALSE,NA,FALSE,0.04,98,"Apr"
"99",4,9,45,58,48,64,38,1953,90,1989,0,0.96,1965,"4/9/11",FALSE,NA,FALSE,0.04,99,"Apr"
"100",4,10,47,59,48,64,41,1949,91,1988,0,1.54,1982,"4/10/11",FALSE,NA,FALSE,0.04,100,"Apr"
"101",4,11,49,62,48,64,38,1967,84,1988,0,0.92,2010,"4/11/11",FALSE,NA,FALSE,0.04,101,"Apr"
"102",4,12,47,56,48,64,39,1983,88,1947,0,1.31,2003,"4/12/11",FALSE,NA,FALSE,0.04,102,"Apr"
"103",4,13,46,58,48,64,39,1972,84,1985,0.15,0.45,2003,"4/13/11",FALSE,NA,FALSE,0.19,103,"Apr"
"104",4,14,46,61,48,64,39,1950,87,1984,0,0.7,1963,"4/14/11",FALSE,NA,FALSE,0.19,104,"Apr"
"105",4,15,49,65,48,64,38,1975,83,1966,0,1.02,1978,"4/15/11",FALSE,NA,FALSE,0.19,105,"Apr"
"106",4,16,53,66,48,64,40,1975,81,1999,0,0.64,2000,"4/16/11",FALSE,NA,FALSE,0.19,106,"Apr"
"107",4,17,53,61,48,65,40,1963,82,1954,0,0.8,1957,"4/17/11",FALSE,NA,FALSE,0.19,107,"Apr"
"108",4,18,53,62,48,65,39,1968,83,1950,0.03,0.42,1984,"4/18/11",FALSE,NA,FALSE,0.22,108,"Apr"
"109",4,19,52,66,48,65,40,1971,86,2009,0,1.25,1988,"4/19/11",FALSE,NA,FALSE,0.22,109,"Apr"
"110",4,20,53,65,48,65,38,1967,91,2009,0.02,0.69,2001,"4/20/11",FALSE,NA,FALSE,0.24,110,"Apr"
"111",4,21,49,60,48,65,39,1968,86,2009,0.03,0.83,1961,"4/21/11",FALSE,NA,FALSE,0.27,111,"Apr"
"112",4,22,48,58,48,65,42,1963,82,1981,0,0.6,1988,"4/22/11",FALSE,NA,FALSE,0.27,112,"Apr"
"113",4,23,49,62,49,65,41,1960,85,1959,0.01,0.6,1983,"4/23/11",FALSE,NA,FALSE,0.28,113,"Apr"
"114",4,24,54,61,49,65,39,1960,81,2004,0.03,0.34,1983,"4/24/11",FALSE,NA,FALSE,0.31,114,"Apr"
"115",4,25,51,62,49,65,41,1974,87,2004,0.02,0.48,1994,"4/25/11",FALSE,NA,FALSE,0.33,115,"Apr"
"116",4,26,49,62,49,65,42,1955,90,2004,0,0.94,1978,"4/26/11",FALSE,NA,FALSE,0.33,116,"Apr"
"117",4,27,49,61,49,65,36,1955,87,2004,0,0.89,1953,"4/27/11",FALSE,NA,FALSE,0.33,117,"Apr"
"118",4,28,48,61,49,65,39,1967,89,1981,0,0.6,1951,"4/28/11",FALSE,NA,FALSE,0.33,118,"Apr"
"119",4,29,43,64,49,65,40,1950,92,1981,0,0.73,1948,"4/29/11",FALSE,NA,FALSE,0.33,119,"Apr"
"120",4,30,50,69,49,66,41,1946,90,1996,0,0.71,1983,"4/30/11",FALSE,NA,FALSE,0.33,120,"Apr"
"121",5,1,47,76,49,66,44,2008,89,1947,0,0.2,2009,"5/1/11",FALSE,NA,FALSE,0,121,"May"
"122",5,2,50,65,49,66,42,1954,84,1992,0,0.42,2003,"5/2/11",FALSE,NA,FALSE,0,122,"May"
"123",5,3,49,69,49,66,39,1950,79,1953,0,0.44,1951,"5/3/11",FALSE,NA,FALSE,0,123,"May"
"124",5,4,52,84,49,66,40,1952,84,2011,0,0.48,1998,"5/4/11",TRUE,"Record
 High: 84",FALSE,0,124,"May"
"125",5,5,52,78,50,66,41,1965,91,1987,0,0.24,1983,"5/5/11",FALSE,NA,FALSE,0,125,"May"
"126",5,6,50,60,50,66,41,1968,87,1949,0,0.66,1994,"5/6/11",FALSE,NA,FALSE,0,126,"May"
"127",5,7,51,60,50,66,40,1968,89,2007,0,0.44,1994,"5/7/11",FALSE,NA,FALSE,0,127,"May"
"128",5,8,50,61,50,66,44,1968,86,2001,0,0.3,1963,"5/8/11",FALSE,NA,FALSE,0,128,"May"
"129",5,9,47,63,50,66,41,1950,88,1993,0,0.2,1980,"5/9/11",FALSE,NA,FALSE,0,129,"May"
"130",5,10,49,62,50,66,43,1953,84,2006,0,0.2,1963,"5/10/11",FALSE,NA,FALSE,0,130,"May"
"131",5,11,51,59,50,66,42,1982,85,1959,0,0.11,1958,"5/11/11",FALSE,NA,FALSE,0,131,"May"
"132",5,12,50,63,50,66,42,1953,96,1976,0,0.4,1998,"5/12/11",FALSE,NA,FALSE,0,132,"May"
"133",5,13,48,60,50,66,45,1968,90,1976,0,0.32,1995,"5/13/11",FALSE,NA,FALSE,0,133,"May"
"134",5,14,47,58,50,66,41,1968,87,2006,0.11,0.33,1995,"5/14/11",FALSE,NA,FALSE,0.11,134,"May"
"135",5,15,46,60,50,67,43,1968,96,2008,0.08,1.03,1996,"5/15/11",FALSE,NA,FALSE,0.19,135,"May"
"136",5,16,50,61,51,67,44,1984,93,1956,0.09,0.13,1994,"5/16/11",FALSE,NA,FALSE,0.28,136,"May"
"137",5,17,50,57,51,67,45,1996,93,2009,0.11,0.24,1994,"5/17/11",FALSE,NA,FALSE,0.39,137,"May"
"138",5,18,51,63,51,67,42,1974,85,1978,0,1.23,1957,"5/18/11",FALSE,NA,FALSE,0.39,138,"May"
"139",5,19,49,68,51,67,42,1950,86,1983,0,0.3,1961,"5/19/11",FALSE,NA,FALSE,0.39,139,"May"
"140",5,20,50,64,51,67,45,1982,93,1988,0,1.53,1957,"5/20/11",FALSE,NA,FALSE,0.39,140,"May"
"141",5,21,52,62,51,67,45,1974,92,2000,0,0.24,2006,"5/21/11",FALSE,NA,FALSE,0.39,141,"May"
"142",5,22,51,61,51,67,44,1952,83,1954,0,0.2,1958,"5/22/11",FALSE,NA,FALSE,0.39,142,"May"
"143",5,23,50,64,51,67,46,1954,88,2000,0,0.21,1997,"5/23/11",FALSE,NA,FALSE,0.39,143,"May"
"144",5,24,49,62,51,68,45,1953,91,1982,0,0.14,1960,"5/24/11",FALSE,NA,FALSE,0.39,144,"May"
"145",5,25,49,62,51,68,45,1967,87,1951,0.01,0.12,1946,"5/25/11",FALSE,NA,FALSE,0.4,145,"May"
"146",5,26,50,64,51,68,42,1953,89,1896,0,0.12,1947,"5/26/11",FALSE,NA,FALSE,0.4,146,"May"
"147",5,27,53,63,51,68,42,1954,97,1984,0,0.92,1990,"5/27/11",FALSE,NA,FALSE,0.4,147,"May"
"148",5,28,50,64,52,68,45,1955,92,1984,0,0.41,1998,"5/28/11",FALSE,NA,FALSE,0.4,148,"May"
"149",5,29,48,65,52,68,45,1951,94,1975,0,0.16,1998,"5/29/11",FALSE,NA,FALSE,0.4,149,"May"
"150",5,30,50,62,52,68,46,1974,95,2001,0,0.28,1990,"5/30/11",FALSE,NA,FALSE,0.4,150,"May"
"151",5,31,54,60,52,68,46,1962,91,2001,0.07,0.11,1947,"5/31/11",FALSE,NA,FALSE,0.47,151,"May"
"152",6,1,51,62,52,68,43,1954,91,1989,0.15,0.15,2011,"6/1/11",FALSE,NA,TRUE,0.15,152,"Jun"
"153",6,2,51,63,52,69,43,1954,91,1989,0,0.1,1961,"6/2/11",FALSE,NA,FALSE,0.15,153,"Jun"
"154",6,3,50,61,52,69,45,1966,87,1960,0.16,0.18,1999,"6/3/11",FALSE,NA,FALSE,0.31,154,"Jun"
"155",6,4,55,66,52,69,45,1962,92,1955,0.66,0.66,2011,"6/4/11",FALSE,NA,TRUE,0.97,155,"Jun"
"156",6,5,55,66,52,69,46,1962,89,1972,0,0.02,1994,"6/5/11",FALSE,NA,FALSE,0.97,156,"Jun"
"157",6,6,56,61,52,69,46,1963,88,1983,0,0.6,1988,"6/6/11",FALSE,NA,FALSE,0.97,157,"Jun"
"158",6,7,53,67,52,69,45,1954,89,1979,0,0.12,2000,"6/7/11",FALSE,NA,FALSE,0.97,158,"Jun"
"159",6,8,54,67,52,69,47,1982,98,1973,0,0.6,1964,"6/8/11",FALSE,NA,FALSE,0.97,159,"Jun"
"160",6,9,51,69,52,69,47,1963,91,1986,0,0.15,2005,"6/9/11",FALSE,NA,FALSE,0.97,160,"Jun"
"161",6,10,53,63,53,70,47,1972,94,1994,0,0.03,2009,"6/10/11",FALSE,NA,FALSE,0.97,161,"Jun"
"162",6,11,52,60,53,70,46,1956,88,1985,0,0.05,1950,"6/11/11",FALSE,NA,FALSE,0.97,162,"Jun"
"163",6,12,52,66,53,70,47,1968,88,2010,0,0.04,1954,"6/12/11",FALSE,NA,FALSE,0.97,163,"Jun"
"164",6,13,53,65,53,70,48,1968,95,1966,0,0.01,2009,"6/13/11",FALSE,NA,FALSE,0.97,164,"Jun"
"165",6,14,51,76,53,70,49,1982,106,1961,0,0.06,1995,"6/14/11",FALSE,NA,FALSE,0.97,165,"Jun"
"166",6,15,53,71,53,70,48,1952,95,1976,0,0.19,1995,"6/15/11",FALSE,NA,FALSE,0.97,166,"Jun"
"167",6,16,52,68,53,70,46,1952,90,1961,0,0.35,1995,"6/16/11",FALSE,NA,FALSE,0.97,167,"Jun"
"168",6,17,51,71,53,70,44,1954,95,1993,0,0,NA,"6/17/11",FALSE,NA,FALSE,0.97,168,"Jun"
"169",6,18,52,69,53,70,44,1952,88,1981,0,0.14,1974,"6/18/11",FALSE,NA,FALSE,0.97,169,"Jun"
"170",6,19,53,79,53,70,45,1955,92,1962,0,0,NA,"6/19/11",FALSE,NA,FALSE,0.97,170,"Jun"
"171",6,20,57,90,53,70,49,1953,96,2008,0,0.01,1951,"6/20/11",FALSE,NA,FALSE,0.97,171,"Jun"
"172",6,21,54,86,53,70,46,1953,94,1973,0,0,NA,"6/21/11",FALSE,NA,FALSE,0.97,172,"Jun"
"173",6,22,52,68,53,70,47,1953,98,1989,0,0,NA,"6/22/11",FALSE,NA,FALSE,0.97,173,"Jun"
"174",6,23,53,66,53,70,49,1984,94,1976,0,0,NA,"6/23/11",FALSE,NA,FALSE,0.97,174,"Jun"
"175",6,24,52,70,53,71,46,1955,97,1976,0,0.04,1975,"6/24/11",FALSE,NA,FALSE,0.97,175,"Jun"
"176",6,25,52,65,54,71,44,1950,96,1993,0,0.1,2001,"6/25/11",FALSE,NA,FALSE,0.97,176,"Jun"
"177",6,26,53,69,54,71,45,1950,96,2003,0,0,NA,"6/26/11",FALSE,NA,FALSE,0.97,177,"Jun"
"178",6,27,53,65,54,71,48,1965,97,2003,0,0.05,1991,"6/27/11",FALSE,NA,FALSE,0.97,178,"Jun"
"179",6,28,55,62,54,71,46,1954,94,1976,0.52,0.52,2011,"6/28/11",FALSE,NA,TRUE,1.49,179,"Jun"
"180",6,29,54,64,54,71,48,1963,87,1959,0,0.2,1992,"6/29/11",FALSE,NA,FALSE,1.49,180,"Jun"
"181",6,30,53,69,54,71,44,1949,92,1996,0,0.06,1997,"6/30/11",FALSE,NA,FALSE,1.49,181,"Jun"
"182",7,1,54,80,54,71,46,1949,99,1985,0,0.01,1980,"7/1/11",FALSE,NA,FALSE,0,182,"Jul"
"183",7,2,53,70,54,71,47,1954,97,1970,0,0.35,1977,"7/2/11",FALSE,NA,FALSE,0,183,"Jul"
"184",7,3,56,84,54,71,48,1953,89,1970,0,0.01,1955,"7/3/11",FALSE,NA,FALSE,0,184,"Jul"
"185",7,4,55,69,54,71,46,1954,85,1973,0,0,NA,"7/4/11",FALSE,NA,FALSE,0,185,"Jul"
"186",7,5,52,78,54,71,48,1965,81,1981,0,0,NA,"7/5/11",FALSE,NA,FALSE,0,186,"Jul"
"187",7,6,52,70,54,71,47,1953,86,1957,0,0,NA,"7/6/11",FALSE,NA,FALSE,0,187,"Jul"
"188",7,7,53,69,54,71,49,1955,85,1985,0,0,NA,"7/7/11",FALSE,NA,FALSE,0,188,"Jul"
"189",7,8,53,72,54,71,48,1951,90,1985,0,0.23,1974,"7/8/11",FALSE,NA,FALSE,0,189,"Jul"
"190",7,9,52,66,54,71,47,1953,94,1959,0,0.01,1945,"7/9/11",FALSE,NA,FALSE,0,190,"Jul"
"191",7,10,53,69,54,71,47,1953,97,1959,0,0,NA,"7/10/11",FALSE,NA,FALSE,0,191,"Jul"
"192",7,11,53,63,54,71,48,1998,93,1983,0,0,NA,"7/11/11",FALSE,NA,FALSE,0,192,"Jul"
"193",7,12,54,65,54,71,47,1950,88,1983,0,0,NA,"7/12/11",FALSE,NA,FALSE,0,193,"Jul"
"194",7,13,55,61,54,71,49,1981,97,1972,0,0,NA,"7/13/11",FALSE,NA,FALSE,0,194,"Jul"
"195",7,14,55,63,54,71,48,1950,98,1972,0,0,NA,"7/14/11",FALSE,NA,FALSE,0,195,"Jul"
"196",7,15,55,64,54,71,49,1962,93,1995,0,0.13,1975,"7/15/11",FALSE,NA,FALSE,0,196,"Jul"
"197",7,16,56,70,55,71,49,1949,87,1988,0,0.01,1990,"7/16/11",FALSE,NA,FALSE,0,197,"Jul"
"198",7,17,57,67,55,71,47,1954,105,1988,0,0,NA,"7/17/11",FALSE,NA,FALSE,0,198,"Jul"
"199",7,18,56,75,55,71,50,1999,88,1968,0,0.01,2007,"7/18/11",FALSE,NA,FALSE,0,199,"Jul"
"200",7,19,57,69,55,71,49,1981,90,1961,0,0,NA,"7/19/11",FALSE,NA,FALSE,0,200,"Jul"
"201",7,20,56,80,55,71,49,1981,93,1996,0,0.03,1985,"7/20/11",FALSE,NA,FALSE,0,201,"Jul"
"202",7,21,54,74,55,71,49,1954,83,2006,0,0.09,1979,"7/21/11",FALSE,NA,FALSE,0,202,"Jul"
"203",7,22,55,75,55,71,49,1981,97,2006,0,0,NA,"7/22/11",FALSE,NA,FALSE,0,203,"Jul"
"204",7,23,55,72,55,71,50,1981,89,2005,0,0.01,1986,"7/23/11",FALSE,NA,FALSE,0,204,"Jul"
"205",7,24,56,72,55,71,50,2009,90,1974,0,0,NA,"7/24/11",FALSE,NA,FALSE,0,205,"Jul"
"206",7,25,55,66,55,71,49,1953,91,1973,0,0.15,1946,"7/25/11",FALSE,NA,FALSE,0,206,"Jul"
"207",7,26,55,70,55,71,49,1951,94,1963,0,0,NA,"7/26/11",FALSE,NA,FALSE,0,207,"Jul"
"208",7,27,55,73,55,71,48,1951,86,1967,0,0,NA,"7/27/11",FALSE,NA,FALSE,0,208,"Jul"
"209",7,28,55,70,55,71,48,1953,88,1954,0,0,NA,"7/28/11",FALSE,NA,FALSE,0,209,"Jul"
"210",7,29,56,70,55,72,44,1951,91,1977,0,0,NA,"7/29/11",FALSE,NA,FALSE,0,210,"Jul"
"211",7,30,58,73,55,72,45,1954,97,1977,0,0.03,1966,"7/30/11",FALSE,NA,FALSE,0,211,"Jul"
"212",7,31,57,71,55,72,49,1956,97,1993,0,0.02,1949,"7/31/11",FALSE,NA,FALSE,0,212,"Jul"
"213",8,1,56,69,56,72,48,1951,100,1993,0,0,NA,"8/1/11",FALSE,NA,FALSE,0,213,"Aug"
"214",8,2,54,67,56,72,49,1982,91,1946,0,0,NA,"8/2/11",FALSE,NA,FALSE,0,214,"Aug"
"215",8,3,52,74,56,72,45,1954,91,1998,0,0.01,1953,"8/3/11",FALSE,NA,FALSE,0,215,"Aug"
"216",8,4,57,64,56,72,50,1966,87,1998,0,0,NA,"8/4/11",FALSE,NA,FALSE,0,216,"Aug"
"217",8,5,55,71,56,72,49,1950,89,1964,0,0.01,2008,"8/5/11",FALSE,NA,FALSE,0,217,"Aug"
"218",8,6,55,73,56,72,46,1950,93,1983,0,0.01,1999,"8/6/11",FALSE,NA,FALSE,0,218,"Aug"
"219",8,7,56,64,56,72,46,1950,94,1984,0,0,NA,"8/7/11",FALSE,NA,FALSE,0,219,"Aug"
"220",8,8,55,66,56,72,47,1946,89,2002,0,0.01,1962,"8/8/11",FALSE,NA,FALSE,0,220,"Aug"
"221",8,9,53,69,56,72,48,1954,95,1970,0,0.02,1962,"8/9/11",FALSE,NA,FALSE,0,221,"Aug"
"222",8,10,53,72,56,72,47,1951,87,2009,0,0,NA,"8/10/11",FALSE,NA,FALSE,0,222,"Aug"
"223",8,11,54,68,56,72,48,1951,84,1959,0,0.29,1965,"8/11/11",FALSE,NA,FALSE,0,223,"Aug"
"224",8,12,54,68,56,72,47,1946,89,1959,0,0,NA,"8/12/11",FALSE,NA,FALSE,0,224,"Aug"
"225",8,13,54,71,56,73,47,1946,89,1991,0,0.18,1991,"8/13/11",FALSE,NA,FALSE,0,225,"Aug"
"226",8,14,55,71,56,73,47,1946,85,1995,0,0.13,1976,"8/14/11",FALSE,NA,FALSE,0,226,"Aug"
"227",8,15,56,71,56,73,46,1955,90,1950,0,0.13,1976,"8/15/11",FALSE,NA,FALSE,0,227,"Aug"
"228",8,16,54,69,56,73,48,1955,86,1960,0,0.01,1941,"8/16/11",FALSE,NA,FALSE,0,228,"Aug"
"229",8,17,55,67,56,73,44,1935,85,1939,0,0.03,1976,"8/17/11",FALSE,NA,FALSE,0,229,"Aug"
"230",8,18,55,66,56,73,48,1957,88,1934,0,0.35,1976,"8/18/11",FALSE,NA,FALSE,0,230,"Aug"
"231",8,19,55,68,56,73,49,1955,89,1964,0,0.56,1997,"8/19/11",FALSE,NA,FALSE,0,231,"Aug"
"232",8,20,56,68,56,73,47,1955,84,1964,0,0.04,1997,"8/20/11",FALSE,NA,FALSE,0,232,"Aug"
"233",8,21,57,68,56,73,42,1928,85,1974,0,0.04,1968,"8/21/11",FALSE,NA,FALSE,0,233,"Aug"
"234",8,22,56,67,56,73,49,1955,90,1999,0,0.02,1951,"8/22/11",FALSE,NA,FALSE,0,234,"Aug"
"235",8,23,55,85,56,73,49,1953,92,2010,0,0,NA,"8/23/11",FALSE,NA,FALSE,0,235,"Aug"
"236",8,24,56,71,56,73,49,1955,99,2010,0,0,NA,"8/24/11",FALSE,NA,FALSE,0,236,"Aug"
"237",8,25,57,69,56,73,50,1955,93,1988,0,0.01,1954,"8/25/11",FALSE,NA,FALSE,0,237,"Aug"
"238",8,26,56,69,56,73,48,1945,89,1993,0,0.01,2006,"8/26/11",FALSE,NA,FALSE,0,238,"Aug"
"239",8,27,54,69,56,73,46,1952,94,1993,0,0.08,1949,"8/27/11",FALSE,NA,FALSE,0,239,"Aug"
"240",8,28,53,68,56,73,49,1952,95,2009,0,0,NA,"8/28/11",FALSE,NA,FALSE,0,240,"Aug"
"241",8,29,55,68,56,74,49,1955,98,1968,0,0.14,1992,"8/29/11",FALSE,NA,FALSE,0,241,"Aug"
"242",8,30,56,71,56,74,45,1955,87,2005,0,0.11,1984,"8/30/11",FALSE,NA,FALSE,0,242,"Aug"
"243",8,31,54,70,56,74,48,1957,89,2005,0,0.01,1964,"8/31/11",FALSE,NA,FALSE,0,243,"Aug"
"244",9,1,54,71,56,74,49,1981,94,1955,0,0.07,2000,"9/1/11",FALSE,NA,FALSE,0,244,"Sep"
"245",9,2,55,74,56,74,49,1946,93,1950,0,0,NA,"9/2/11",FALSE,NA,FALSE,0,245,"Sep"
"246",9,3,54,67,56,74,50,1970,93,1961,0,0,NA,"9/3/11",FALSE,NA,FALSE,0,246,"Sep"
"247",9,4,55,66,56,74,50,1989,92,2008,0,0,NA,"9/4/11",FALSE,NA,FALSE,0,247,"Sep"
"248",9,5,53,65,56,74,45,1954,94,2004,0,0.03,1945,"9/5/11",FALSE,NA,FALSE,0,248,"Sep"
"249",9,6,52,73,56,74,47,1950,94,2004,0,0.02,1969,"9/6/11",FALSE,NA,FALSE,0,249,"Sep"
"250",9,7,52,86,56,74,50,1960,93,1957,0,0,NA,"9/7/11",FALSE,NA,FALSE,0,250,"Sep"
"251",9,8,53,65,56,74,48,1946,100,1984,0,0,NA,"9/8/11",FALSE,NA,FALSE,0,251,"Sep"
"252",9,9,54,68,56,74,46,1946,92,1951,0,0.26,1978,"9/9/11",FALSE,NA,FALSE,0,252,"Sep"
"253",9,10,56,74,56,74,49,1947,94,1979,0,0,NA,"9/10/11",FALSE,NA,FALSE,0,253,"Sep"
"254",9,11,61,73,56,74,49,1951,98,1979,0,0.02,1976,"9/11/11",FALSE,NA,FALSE,0,254,"Sep"
"255",9,12,60,69,56,74,47,1970,100,1979,0,0.07,1963,"9/12/11",FALSE,NA,FALSE,0,255,"Sep"
"256",9,13,57,70,56,74,47,1947,101,1971,0,0.27,2009,"9/13/11",FALSE,NA,FALSE,0,256,"Sep"
"257",9,14,56,66,56,74,46,1947,103,1971,0,0,NA,"9/14/11",FALSE,NA,FALSE,0,257,"Sep"
"258",9,15,57,68,56,74,48,1970,98,1971,0,0,NA,"9/15/11",FALSE,NA,FALSE,0,258,"Sep"
"259",9,16,56,66,56,74,49,2006,90,1968,0,0.88,1989,"9/16/11",FALSE,NA,FALSE,0,259,"Sep"
"260",9,17,52,72,56,74,50,1988,94,1984,0,0.28,1982,"9/17/11",FALSE,NA,FALSE,0,260,"Sep"
"261",9,18,55,81,56,74,46,1955,93,2009,0,2.29,1959,"9/18/11",FALSE,NA,FALSE,0,261,"Sep"
"262",9,19,57,88,56,74,46,1954,93,2000,0,0.46,1977,"9/19/11",FALSE,NA,FALSE,0,262,"Sep"
"263",9,20,57,86,56,74,48,1965,93,1990,0,0.08,2005,"9/20/11",FALSE,NA,FALSE,0,263,"Sep"
"264",9,21,54,78,56,74,45,1955,95,2003,0,0.02,2007,"9/21/11",FALSE,NA,FALSE,0,264,"Sep"
"265",9,22,54,75,56,74,48,1981,91,1946,0,0.2,1990,"9/22/11",FALSE,NA,FALSE,0,265,"Sep"
"266",9,23,55,78,55,74,45,1972,92,1978,0,0.31,1982,"9/23/11",FALSE,NA,FALSE,0,266,"Sep"
"267",9,24,56,69,55,73,48,1955,93,1978,0,0.18,1986,"9/24/11",FALSE,NA,FALSE,0,267,"Sep"
"268",9,25,55,70,55,73,47,1972,91,1970,0.01,0.31,1982,"9/25/11",FALSE,NA,FALSE,0.01,268,"Sep"
"269",9,26,53,73,55,73,46,1948,95,1958,0,0.27,1972,"9/26/11",FALSE,NA,FALSE,0.01,269,"Sep"
"270",9,27,55,82,55,73,47,1955,96,2010,0,0.81,1957,"9/27/11",FALSE,NA,FALSE,0.01,270,"Sep"
"271",9,28,61,90,55,73,47,1947,95,2010,0,0.17,1976,"9/28/11",FALSE,NA,FALSE,0.01,271,"Sep"
"272",9,29,57,77,55,73,45,1955,93,1966,0,0.11,1971,"9/29/11",FALSE,NA,FALSE,0.01,272,"Sep"
"273",9,30,61,72,55,73,41,1950,94,2001,0,0.56,1983,"9/30/11",FALSE,NA,FALSE,0.01,273,"Sep"
"274",10,1,61,73,55,73,42,1950,97,1980,0,0.34,1976,"10/1/11",FALSE,NA,FALSE,0,274,"Oct"
"275",10,2,57,72,55,73,41,1950,96,1980,0,0.38,1967,"10/2/11",FALSE,NA,FALSE,0,275,"Oct"
"276",10,3,55,66,55,73,42,1954,94,1985,0.16,0.16,2011,"10/3/11",FALSE,NA,TRUE,0.16,276,"Oct"
"277",10,4,57,66,55,72,47,1989,95,1987,0.26,0.33,1994,"10/4/11",FALSE,NA,FALSE,0.42,277,"Oct"
"278",10,5,53,64,55,72,47,2009,99,1987,0.68,0.68,2011,"10/5/11",FALSE,NA,TRUE,1.1,278,"Oct"
"279",10,6,54,64,54,72,44,1954,92,1992,0.02,0.1,1960,"10/6/11",FALSE,NA,FALSE,1.12,279,"Oct"
"280",10,7,50,68,54,72,45,1970,92,1996,0,0.44,1973,"10/7/11",FALSE,NA,FALSE,1.12,280,"Oct"
"281",10,8,52,70,54,72,43,1946,94,1996,0,0.23,1973,"10/8/11",FALSE,NA,FALSE,1.12,281,"Oct"
"282",10,9,53,67,54,72,45,1955,91,1958,0,0.95,1972,"10/9/11",FALSE,NA,FALSE,1.12,282,"Oct"
"283",10,10,60,67,54,72,44,1968,89,1992,0.06,1.26,1957,"10/10/11",FALSE,NA,FALSE,1.18,283,"Oct"
"284",10,11,59,73,54,72,46,1955,88,2010,0,2.38,1962,"10/11/11",FALSE,NA,FALSE,1.18,284,"Oct"
"285",10,12,57,78,54,71,46,1969,94,2010,0,1.94,1962,"10/12/11",FALSE,NA,FALSE,1.18,285,"Oct"
"286",10,13,59,83,54,71,45,1981,92,2010,0,2.64,2009,"10/13/11",FALSE,NA,FALSE,1.18,286,"Oct"
"287",10,14,60,83,54,71,44,1960,95,1961,0,1.02,1972,"10/14/11",FALSE,NA,FALSE,1.18,287,"Oct"
"288",10,15,60,72,53,71,42,1966,95,1961,0,1.42,1969,"10/15/11",FALSE,NA,FALSE,1.18,288,"Oct"
"289",10,16,59,72,53,71,44,1980,88,1988,0,1.01,1984,"10/16/11",FALSE,NA,FALSE,1.18,289,"Oct"
"290",10,17,56,79,53,70,42,1971,90,1988,0,0.18,2004,"10/17/11",FALSE,NA,FALSE,1.18,290,"Oct"
"291",10,18,56,66,53,70,42,1946,85,1988,0,0.17,1953,"10/18/11",FALSE,NA,FALSE,1.18,291,"Oct"
"292",10,19,57,64,53,70,43,1949,85,1964,0,1.65,2004,"10/19/11",FALSE,NA,FALSE,1.18,292,"Oct"
"293",10,20,54,64,53,70,37,1949,89,1991,0,0.59,1985,"10/20/11",FALSE,NA,FALSE,1.18,293,"Oct"
"294",10,21,53,71,53,70,39,1949,82,1965,0,0.13,1970,"10/21/11",FALSE,NA,FALSE,1.18,294,"Oct"
"295",10,22,54,82,53,69,42,1949,85,1965,0,0.91,1973,"10/22/11",FALSE,NA,FALSE,1.18,295,"Oct"
"296",10,23,57,80,52,69,40,1961,90,1959,0,1.16,1989,"10/23/11",FALSE,NA,FALSE,1.18,296,"Oct"
"297",10,24,55,70,52,69,41,1956,88,1965,0,0.74,1998,"10/24/11",FALSE,NA,FALSE,1.18,297,"Oct"
"298",10,25,51,65,52,69,40,1953,87,2003,0,1.5,1979,"10/25/11",FALSE,NA,FALSE,1.18,298,"Oct"
"299",10,26,47,69,52,69,39,1954,89,2003,0,1.2,2004,"10/26/11",FALSE,NA,FALSE,1.18,299,"Oct"
"300",10,27,48,72,52,68,42,1954,86,2003,0,0.83,1981,"10/27/11",FALSE,NA,FALSE,1.18,300,"Oct"
"301",10,28,50,70,52,68,40,1954,85,2003,0,1.07,1981,"10/28/11",FALSE,NA,FALSE,1.18,301,"Oct"
"302",10,29,49,74,52,68,42,1954,82,1955,0,0.91,1945,"10/29/11",FALSE,NA,FALSE,1.18,302,"Oct"
"303",10,30,52,74,51,68,39,1971,83,1949,0,1.03,1945,"10/30/11",FALSE,NA,FALSE,1.18,303,"Oct"
"304",10,31,53,71,51,67,41,1972,83,1967,0,0.27,1974,"10/31/11",FALSE,NA,FALSE,1.18,304,"Oct"
"305",11,1,51,71,51,67,40,1971,85,1967,0,1.32,2008,"11/1/11",FALSE,NA,FALSE,0,305,"Nov"
"306",11,2,54,72,51,67,38,1952,85,1967,0,0.53,2008,"11/2/11",FALSE,NA,FALSE,0,306,"Nov"
"307",11,3,48,60,51,66,40,1971,84,1945,0.02,0.88,1972,"11/3/11",FALSE,NA,FALSE,0.02,307,"Nov"
"308",11,4,46,57,51,66,38,1946,82,1949,0.2,0.29,1963,"11/4/11",FALSE,NA,FALSE,0.22,308,"Nov"
"309",11,5,48,57,50,66,36,1946,78,1993,0.23,2.14,1994,"11/5/11",FALSE,NA,FALSE,0.45,309,"Nov"
"310",11,6,48,59,50,66,41,1971,76,1991,0.01,0.9,1994,"11/6/11",FALSE,NA,FALSE,0.46,310,"Nov"
"311",11,7,46,60,50,65,41,1948,81,1955,0,1.27,2002,"11/7/11",FALSE,NA,FALSE,0.46,311,"Nov"
"312",11,8,43,61,50,65,42,1953,81,1955,0,1.58,2002,"11/8/11",FALSE,NA,FALSE,0.46,312,"Nov"
"313",11,9,43,62,50,65,40,1975,78,1956,0,1.29,1949,"11/9/11",FALSE,NA,FALSE,0.46,313,"Nov"
"314",11,10,45,63,50,64,39,1978,82,1955,0,1.1,1964,"11/10/11",FALSE,NA,FALSE,0.46,314,"Nov"
"315",11,11,48,59,50,64,38,1946,74,1986,0.46,0.99,1973,"11/11/11",FALSE,NA,FALSE,0.92,315,"Nov"
"316",11,12,50,60,49,64,38,1985,74,1986,0.01,1.76,1984,"11/12/11",FALSE,NA,FALSE,0.93,316,"Nov"
"317",11,13,50,63,49,64,37,1985,76,1995,0,2.12,1981,"11/13/11",FALSE,NA,FALSE,0.93,317,"Nov"
"318",11,14,50,61,49,63,36,1978,78,2008,0,1.04,1968,"11/14/11",FALSE,NA,FALSE,0.93,318,"Nov"
"319",11,15,46,63,49,63,35,1978,79,2008,0,1.03,1966,"11/15/11",FALSE,NA,FALSE,0.93,319,"Nov"
"320",11,16,47,62,49,63,38,1958,73,2008,0,0.91,1996,"11/16/11",FALSE,NA,FALSE,0.93,320,"Nov"
"321",11,17,51,61,48,62,36,1964,73,2008,0,0.91,1996,"11/17/11",FALSE,NA,FALSE,0.93,321,"Nov"
"322",11,18,48,58,48,62,36,1964,74,1949,0.01,2.26,1982,"11/18/11",FALSE,NA,FALSE,0.94,322,"Nov"
"323",11,19,43,55,48,62,35,1994,73,1989,0.31,1.12,1946,"11/19/11",FALSE,NA,FALSE,1.25,323,"Nov"
"324",11,20,48,55,48,62,35,1964,69,2005,0.17,0.75,1961,"11/20/11",FALSE,NA,FALSE,1.42,324,"Nov"
"325",11,21,48,57,48,61,35,1964,70,1959,0,1.81,1977,"11/21/11",FALSE,NA,FALSE,1.42,325,"Nov"
"326",11,22,46,60,48,61,36,1952,74,1959,0,0.54,1982,"11/22/11",FALSE,NA,FALSE,1.42,326,"Nov"
"327",11,23,48,60,47,61,33,1947,77,1959,0,0.86,1988,"11/23/11",FALSE,NA,FALSE,1.42,327,"Nov"
"328",11,24,48,56,47,61,32,1952,75,1959,0.13,1.47,1985,"11/24/11",FALSE,NA,FALSE,1.55,328,"Nov"
"329",11,25,48,57,47,60,36,1966,72,1975,0,1.43,1997,"11/25/11",FALSE,NA,FALSE,1.55,329,"Nov"
"330",11,26,49,59,47,60,36,1952,76,1959,0,1.2,1997,"11/26/11",FALSE,NA,FALSE,1.55,330,"Nov"
"331",11,27,47,57,47,60,37,1952,69,2002,0,1.11,1970,"11/27/11",FALSE,NA,FALSE,1.55,331,"Nov"
"332",11,28,47,57,47,60,32,1952,70,1995,0,1.76,1970,"11/28/11",FALSE,NA,FALSE,1.55,332,"Nov"
"333",11,29,47,53,47,59,36,1954,71,1977,0,0.91,1970,"11/29/11",FALSE,NA,FALSE,1.55,333,"Nov"
"334",11,30,48,64,46,59,31,1954,71,1959,0,2.39,1973,"11/30/11",FALSE,NA,FALSE,1.55,334,"Nov"
"335",12,1,56,63,46,59,38,1976,70,1959,0,1.68,1951,"12/1/11",FALSE,NA,FALSE,0,335,"Dec"
"336",12,2,54,71,46,59,37,1967,75,1958,0,1.85,2001,"12/2/11",FALSE,NA,FALSE,0,336,"Dec"
"337",12,3,47,61,46,58,38,1976,73,1958,0,1.2,1967,"12/3/11",FALSE,NA,FALSE,0,337,"Dec"
"338",12,4,42,58,46,58,36,2004,75,1958,0,1.56,1945,"12/4/11",FALSE,NA,FALSE,0,338,"Dec"
"339",12,5,41,57,46,58,31,1972,69,1979,0,1.39,1952,"12/5/11",FALSE,NA,FALSE,0,339,"Dec"
"340",12,6,39,54,46,58,37,1972,67,1979,0,1.41,1950,"12/6/11",FALSE,NA,FALSE,0,340,"Dec"
"341",12,7,39,55,45,58,33,1960,69,1979,0,1.86,1997,"12/7/11",FALSE,NA,FALSE,0,341,"Dec"
"342",12,8,39,57,45,57,29,1978,69,1988,0,0.98,2004,"12/8/11",FALSE,NA,FALSE,0,342,"Dec"
"343",12,9,39,58,45,57,24,1972,67,1950,0,1.17,1954,"12/9/11",FALSE,NA,FALSE,0,343,"Dec"
"344",12,10,40,57,45,57,29,1972,70,1958,0,1.48,1996,"12/10/11",FALSE,NA,FALSE,0,344,"Dec"
"345",12,11,43,53,45,57,26,1972,74,1958,0.01,3.16,1995,"12/11/11",FALSE,NA,FALSE,0.01,345,"Dec"
"346",12,12,43,51,45,57,29,1972,75,1958,0.06,1.16,2006,"12/12/11",FALSE,NA,FALSE,0.07,346,"Dec"
"347",12,13,39,56,45,57,30,1972,69,1958,0,2.47,2002,"12/13/11",FALSE,NA,FALSE,0.07,347,"Dec"
"348",12,14,40,52,45,57,30,1972,69,1958,0,0.88,2002,"12/14/11",FALSE,NA,FALSE,0.07,348,"Dec"
"349",12,15,43,53,45,56,31,1967,71,1980,0.06,1.41,1957,"12/15/11",FALSE,NA,FALSE,0.13,349,"Dec"
"350",12,16,38,62,44,56,33,1965,70,1998,0,2.1,2002,"12/16/11",FALSE,NA,FALSE,0.13,350,"Dec"
"351",12,17,39,55,44,56,30,1965,67,1958,0,1.26,2005,"12/17/11",FALSE,NA,FALSE,0.13,351,"Dec"
"352",12,18,40,53,44,56,30,1965,65,1958,0,1.77,2005,"12/18/11",FALSE,NA,FALSE,0.13,352,"Dec"
"353",12,19,45,59,44,56,32,1965,68,1999,0,1.81,1952,"12/19/11",FALSE,NA,FALSE,0.13,353,"Dec"
"354",12,20,40,60,44,56,31,1965,69,1999,0,0.91,1970,"12/20/11",FALSE,NA,FALSE,0.13,354,"Dec"
"355",12,21,39,60,44,56,28,1990,68,1999,0,1.73,1945,"12/21/11",FALSE,NA,FALSE,0.13,355,"Dec"
"356",12,22,39,57,44,56,27,1990,68,1999,0,2.99,1955,"12/22/11",FALSE,NA,FALSE,0.13,356,"Dec"
"357",12,23,36,52,44,56,28,1990,64,1990,0,1.74,1959,"12/23/11",FALSE,NA,FALSE,0.13,357,"Dec"
"358",12,24,36,57,44,56,29,1990,65,1967,0,2,1983,"12/24/11",FALSE,NA,FALSE,0.13,358,"Dec"
"359",12,25,36,52,44,56,31,1990,68,1967,0,1.23,1968,"12/25/11",FALSE,NA,FALSE,0.13,359,"Dec"
"360",12,26,39,52,44,56,32,1954,72,1967,0,1.46,1948,"12/26/11",FALSE,NA,FALSE,0.13,360,"Dec"
"361",12,27,45,57,44,56,33,1962,70,1953,0,2.24,2004,"12/27/11",FALSE,NA,FALSE,0.13,361,"Dec"
"362",12,28,43,59,44,56,32,1966,71,1967,0,1.46,1991,"12/28/11",FALSE,NA,FALSE,0.13,362,"Dec"
"363",12,29,46,56,44,56,33,1988,65,1989,0,2.6,2003,"12/29/11",FALSE,NA,FALSE,0.13,363,"Dec"
"364",12,30,49,54,44,56,33,1990,69,1945,0,2.19,1976,"12/30/11",FALSE,NA,FALSE,0.13,364,"Dec"
"365",12,31,49,54,44,56,29,1978,67,1996,0,1.86,2005,"12/31/11",FALSE,NA,FALSE,0.13,365,"Dec"
